--
-- PostgreSQL database dump
--

-- Dumped from database version 10.5 (Ubuntu 10.5-0ubuntu0.18.04)
-- Dumped by pg_dump version 10.5 (Ubuntu 10.5-0ubuntu0.18.04)

SET statement_timeout = 0;
SET lock_timeout = 0;
SET idle_in_transaction_session_timeout = 0;
SET client_encoding = 'UTF8';
SET standard_conforming_strings = on;
SELECT pg_catalog.set_config('search_path', '', false);
SET check_function_bodies = false;
SET client_min_messages = warning;
SET row_security = off;

--
-- Name: plpgsql; Type: EXTENSION; Schema: -; Owner: 
--

CREATE EXTENSION IF NOT EXISTS plpgsql WITH SCHEMA pg_catalog;


--
-- Name: EXTENSION plpgsql; Type: COMMENT; Schema: -; Owner: 
--

COMMENT ON EXTENSION plpgsql IS 'PL/pgSQL procedural language';


--
-- Name: absence_abs_id_seq; Type: SEQUENCE; Schema: public; Owner: dev
--

CREATE SEQUENCE public.absence_abs_id_seq
    START WITH 1
    INCREMENT BY 1
    NO MINVALUE
    NO MAXVALUE
    CACHE 1;


ALTER TABLE public.absence_abs_id_seq OWNER TO dev;

--
-- Name: SEQUENCE absence_abs_id_seq; Type: COMMENT; Schema: public; Owner: dev
--

COMMENT ON SEQUENCE public.absence_abs_id_seq IS 'DbWrench Autogenerated Sequence.';


SET default_tablespace = '';

SET default_with_oids = false;

--
-- Name: absence; Type: TABLE; Schema: public; Owner: dev
--

CREATE TABLE public.absence (
    abs_id integer DEFAULT nextval('public.absence_abs_id_seq'::regclass) NOT NULL,
    abs_fk_idutilisateur integer,
    abs_fk_idstatusabsence integer,
    abs_fk_idperformance integer,
    abs_fk_idmotifabsence integer,
    abs_fk_idfichier integer,
    abs_datedebut timestamp without time zone NOT NULL,
    abs_datefin timestamp without time zone NOT NULL,
    abs_lieu character varying(50),
    abs_commentaire character varying(200),
    abs_auteurcreation character varying(50) NOT NULL,
    abs_datecreation timestamp without time zone NOT NULL,
    abs_auteurchangement character varying(50) NOT NULL,
    abs_datechangement timestamp without time zone NOT NULL,
    abs_nom character varying(200) NOT NULL,
    abs_rappel character varying(50)
);


ALTER TABLE public.absence OWNER TO dev;

--
-- Name: categorie_cat_id_seq; Type: SEQUENCE; Schema: public; Owner: dev
--

CREATE SEQUENCE public.categorie_cat_id_seq
    START WITH 1
    INCREMENT BY 1
    NO MINVALUE
    NO MAXVALUE
    CACHE 1;


ALTER TABLE public.categorie_cat_id_seq OWNER TO dev;

--
-- Name: SEQUENCE categorie_cat_id_seq; Type: COMMENT; Schema: public; Owner: dev
--

COMMENT ON SEQUENCE public.categorie_cat_id_seq IS 'DbWrench Autogenerated Sequence.';


--
-- Name: categorie; Type: TABLE; Schema: public; Owner: dev
--

CREATE TABLE public.categorie (
    cat_id integer DEFAULT nextval('public.categorie_cat_id_seq'::regclass) NOT NULL,
    cat_nom character varying(200) NOT NULL,
    cat_description character varying(200),
    cat_auteurcreation character varying(50) NOT NULL,
    cat_datecreation timestamp without time zone NOT NULL,
    cat_auteurchangement character varying(50) NOT NULL,
    cat_datechangement timestamp without time zone NOT NULL
);


ALTER TABLE public.categorie OWNER TO dev;

--
-- Name: departement_dep_id_seq; Type: SEQUENCE; Schema: public; Owner: dev
--

CREATE SEQUENCE public.departement_dep_id_seq
    START WITH 1
    INCREMENT BY 1
    NO MINVALUE
    NO MAXVALUE
    CACHE 1;


ALTER TABLE public.departement_dep_id_seq OWNER TO dev;

--
-- Name: SEQUENCE departement_dep_id_seq; Type: COMMENT; Schema: public; Owner: dev
--

COMMENT ON SEQUENCE public.departement_dep_id_seq IS 'DbWrench Autogenerated Sequence.';


--
-- Name: departement; Type: TABLE; Schema: public; Owner: dev
--

CREATE TABLE public.departement (
    dep_id integer DEFAULT nextval('public.departement_dep_id_seq'::regclass) NOT NULL,
    dep_nom character varying(50) NOT NULL,
    dep_description character varying(200),
    dep_auteurcreation character varying(50) NOT NULL,
    dep_datecreation timestamp without time zone NOT NULL,
    dep_auteurchangement character varying(50) NOT NULL,
    dep_datechangement timestamp without time zone NOT NULL
);


ALTER TABLE public.departement OWNER TO dev;

--
-- Name: echellecompetition_echcom_id_seq; Type: SEQUENCE; Schema: public; Owner: dev
--

CREATE SEQUENCE public.echellecompetition_echcom_id_seq
    START WITH 1
    INCREMENT BY 1
    NO MINVALUE
    NO MAXVALUE
    CACHE 1;


ALTER TABLE public.echellecompetition_echcom_id_seq OWNER TO dev;

--
-- Name: SEQUENCE echellecompetition_echcom_id_seq; Type: COMMENT; Schema: public; Owner: dev
--

COMMENT ON SEQUENCE public.echellecompetition_echcom_id_seq IS 'DbWrench Autogenerated Sequence.';


--
-- Name: echellecompetition; Type: TABLE; Schema: public; Owner: dev
--

CREATE TABLE public.echellecompetition (
    echcom_id integer DEFAULT nextval('public.echellecompetition_echcom_id_seq'::regclass) NOT NULL,
    echcom_nom character varying(50) NOT NULL,
    echcom_description character varying(200),
    echcom_auteurcreation character varying(50) NOT NULL,
    echcom_datecreation timestamp without time zone NOT NULL,
    echcom_auteurchangement character varying(50) NOT NULL,
    echcom_datechangement timestamp without time zone NOT NULL,
    echcom_type character varying(50) NOT NULL
);


ALTER TABLE public.echellecompetition OWNER TO dev;

--
-- Name: epreuve_epr_id_seq; Type: SEQUENCE; Schema: public; Owner: dev
--

CREATE SEQUENCE public.epreuve_epr_id_seq
    START WITH 1
    INCREMENT BY 1
    NO MINVALUE
    NO MAXVALUE
    CACHE 1;


ALTER TABLE public.epreuve_epr_id_seq OWNER TO dev;

--
-- Name: SEQUENCE epreuve_epr_id_seq; Type: COMMENT; Schema: public; Owner: dev
--

COMMENT ON SEQUENCE public.epreuve_epr_id_seq IS 'DbWrench Autogenerated Sequence.';


--
-- Name: epreuve; Type: TABLE; Schema: public; Owner: dev
--

CREATE TABLE public.epreuve (
    epr_id integer DEFAULT nextval('public.epreuve_epr_id_seq'::regclass) NOT NULL,
    epr_nom character varying(50) NOT NULL,
    epr_description character varying(200),
    epr_auteurcreation character varying(50) NOT NULL,
    epr_datecreation timestamp without time zone NOT NULL,
    epr_auteurchangement character varying(50) NOT NULL,
    epr_datechangement timestamp without time zone NOT NULL
);


ALTER TABLE public.epreuve OWNER TO dev;

--
-- Name: fichier_fic_id_seq; Type: SEQUENCE; Schema: public; Owner: dev
--

CREATE SEQUENCE public.fichier_fic_id_seq
    START WITH 1
    INCREMENT BY 1
    NO MINVALUE
    NO MAXVALUE
    CACHE 1;


ALTER TABLE public.fichier_fic_id_seq OWNER TO dev;

--
-- Name: SEQUENCE fichier_fic_id_seq; Type: COMMENT; Schema: public; Owner: dev
--

COMMENT ON SEQUENCE public.fichier_fic_id_seq IS 'DbWrench Autogenerated Sequence.';


--
-- Name: fichier; Type: TABLE; Schema: public; Owner: dev
--

CREATE TABLE public.fichier (
    fic_id integer DEFAULT nextval('public.fichier_fic_id_seq'::regclass) NOT NULL,
    fic_fk_idutilisateur integer,
    fic_fk_idtypefichier integer,
    fic_chemin character varying(200) NOT NULL,
    fic_auteurcreation character varying(50) NOT NULL,
    fic_datecreation timestamp without time zone NOT NULL,
    fic_auteurchangement character varying(50) NOT NULL,
    fic_datechangement timestamp without time zone NOT NULL
);


ALTER TABLE public.fichier OWNER TO dev;

--
-- Name: jointuresport_joispo_id_seq; Type: SEQUENCE; Schema: public; Owner: dev
--

CREATE SEQUENCE public.jointuresport_joispo_id_seq
    START WITH 1
    INCREMENT BY 1
    NO MINVALUE
    NO MAXVALUE
    CACHE 1;


ALTER TABLE public.jointuresport_joispo_id_seq OWNER TO dev;

--
-- Name: SEQUENCE jointuresport_joispo_id_seq; Type: COMMENT; Schema: public; Owner: dev
--

COMMENT ON SEQUENCE public.jointuresport_joispo_id_seq IS 'DbWrench Autogenerated Sequence.';


--
-- Name: jointuresport; Type: TABLE; Schema: public; Owner: dev
--

CREATE TABLE public.jointuresport (
    joispo_id integer DEFAULT nextval('public.jointuresport_joispo_id_seq'::regclass) NOT NULL,
    joispo_fk_idsport integer NOT NULL,
    joispo_fk_idepreuve integer NOT NULL,
    joispo_fk_idcategorie integer NOT NULL,
    joispo_auteurcreation character varying(50) NOT NULL,
    joispo_datecreation timestamp without time zone NOT NULL,
    joispo_auteurchangement character varying(50) NOT NULL,
    joispo_datechangement timestamp without time zone NOT NULL
);


ALTER TABLE public.jointuresport OWNER TO dev;

--
-- Name: localisationcompetition_loccom_id_seq; Type: SEQUENCE; Schema: public; Owner: dev
--

CREATE SEQUENCE public.localisationcompetition_loccom_id_seq
    START WITH 1
    INCREMENT BY 1
    NO MINVALUE
    NO MAXVALUE
    CACHE 1;


ALTER TABLE public.localisationcompetition_loccom_id_seq OWNER TO dev;

--
-- Name: SEQUENCE localisationcompetition_loccom_id_seq; Type: COMMENT; Schema: public; Owner: dev
--

COMMENT ON SEQUENCE public.localisationcompetition_loccom_id_seq IS 'DbWrench Autogenerated Sequence.';


--
-- Name: localisationcompetition; Type: TABLE; Schema: public; Owner: dev
--

CREATE TABLE public.localisationcompetition (
    loccom_id integer DEFAULT nextval('public.localisationcompetition_loccom_id_seq'::regclass) NOT NULL,
    loccom_nom character varying(50) NOT NULL,
    loccom_auteurcreation character varying(50) NOT NULL,
    loccom_datecreation timestamp without time zone NOT NULL,
    loccom_auteurchangement character varying(50) NOT NULL,
    loccom_datechangement timestamp without time zone NOT NULL,
    loccom_type character varying(50) NOT NULL
);


ALTER TABLE public.localisationcompetition OWNER TO dev;

--
-- Name: motifabsence_motabs_id_seq; Type: SEQUENCE; Schema: public; Owner: dev
--

CREATE SEQUENCE public.motifabsence_motabs_id_seq
    START WITH 1
    INCREMENT BY 1
    NO MINVALUE
    NO MAXVALUE
    CACHE 1;


ALTER TABLE public.motifabsence_motabs_id_seq OWNER TO dev;

--
-- Name: SEQUENCE motifabsence_motabs_id_seq; Type: COMMENT; Schema: public; Owner: dev
--

COMMENT ON SEQUENCE public.motifabsence_motabs_id_seq IS 'DbWrench Autogenerated Sequence.';


--
-- Name: motifabsence; Type: TABLE; Schema: public; Owner: dev
--

CREATE TABLE public.motifabsence (
    motabs_id integer DEFAULT nextval('public.motifabsence_motabs_id_seq'::regclass) NOT NULL,
    motabs_nom character varying(50) NOT NULL,
    motabs_description character varying(200),
    motabs_auteurcreation character varying(50) NOT NULL,
    motabs_datecreation timestamp without time zone NOT NULL,
    motabs_auteurchangement character varying(50) NOT NULL,
    motabs_datechangement timestamp without time zone NOT NULL
);


ALTER TABLE public.motifabsence OWNER TO dev;

--
-- Name: niveaulisteministerielle_nivlismin_id_seq; Type: SEQUENCE; Schema: public; Owner: dev
--

CREATE SEQUENCE public.niveaulisteministerielle_nivlismin_id_seq
    START WITH 1
    INCREMENT BY 1
    NO MINVALUE
    NO MAXVALUE
    CACHE 1;


ALTER TABLE public.niveaulisteministerielle_nivlismin_id_seq OWNER TO dev;

--
-- Name: SEQUENCE niveaulisteministerielle_nivlismin_id_seq; Type: COMMENT; Schema: public; Owner: dev
--

COMMENT ON SEQUENCE public.niveaulisteministerielle_nivlismin_id_seq IS 'DbWrench Autogenerated Sequence.';


--
-- Name: niveaulisteministerielle; Type: TABLE; Schema: public; Owner: dev
--

CREATE TABLE public.niveaulisteministerielle (
    nivlismin_id integer DEFAULT nextval('public.niveaulisteministerielle_nivlismin_id_seq'::regclass) NOT NULL,
    nivlismin_nom character varying(50) NOT NULL,
    nivlismin_description character varying(200),
    nivlismin_auteurcreation character varying(50) NOT NULL,
    nivlismin_datecreation timestamp without time zone NOT NULL,
    nivlismin_auteurchangement character varying(50) NOT NULL,
    nivlismin_datechangement timestamp without time zone NOT NULL
);


ALTER TABLE public.niveaulisteministerielle OWNER TO dev;

--
-- Name: performance_per_id_seq; Type: SEQUENCE; Schema: public; Owner: dev
--

CREATE SEQUENCE public.performance_per_id_seq
    START WITH 1
    INCREMENT BY 1
    NO MINVALUE
    NO MAXVALUE
    CACHE 1;


ALTER TABLE public.performance_per_id_seq OWNER TO dev;

--
-- Name: SEQUENCE performance_per_id_seq; Type: COMMENT; Schema: public; Owner: dev
--

COMMENT ON SEQUENCE public.performance_per_id_seq IS 'DbWrench Autogenerated Sequence.';


--
-- Name: performance; Type: TABLE; Schema: public; Owner: dev
--

CREATE TABLE public.performance (
    per_id integer DEFAULT nextval('public.performance_per_id_seq'::regclass) NOT NULL,
    per_fk_idutilisateur integer NOT NULL,
    per_fk_idjointuresport integer NOT NULL,
    per_fk_idtypecompetition integer NOT NULL,
    per_fk_idechellecompetition integer NOT NULL,
    per_fk_idlocalisationcompetition integer NOT NULL,
    per_fk_idresultat integer,
    per_datedebut timestamp without time zone NOT NULL,
    per_datefin timestamp without time zone NOT NULL,
    per_lieu character varying(200),
    per_importance boolean NOT NULL,
    per_ressenti character varying(200),
    per_auteurcreation character varying(50) NOT NULL,
    per_datecreation timestamp without time zone NOT NULL,
    per_auteurchangement character varying(50) NOT NULL,
    per_datechangement timestamp without time zone NOT NULL
);


ALTER TABLE public.performance OWNER TO dev;

--
-- Name: resultat_res_id_seq; Type: SEQUENCE; Schema: public; Owner: dev
--

CREATE SEQUENCE public.resultat_res_id_seq
    START WITH 1
    INCREMENT BY 1
    NO MINVALUE
    NO MAXVALUE
    CACHE 1;


ALTER TABLE public.resultat_res_id_seq OWNER TO dev;

--
-- Name: SEQUENCE resultat_res_id_seq; Type: COMMENT; Schema: public; Owner: dev
--

COMMENT ON SEQUENCE public.resultat_res_id_seq IS 'DbWrench Autogenerated Sequence.';


--
-- Name: resultat; Type: TABLE; Schema: public; Owner: dev
--

CREATE TABLE public.resultat (
    res_id integer DEFAULT nextval('public.resultat_res_id_seq'::regclass) NOT NULL,
    res_nom character varying(50) NOT NULL,
    res_description character varying(200),
    res_auteurcreation character varying(50) NOT NULL,
    res_datecreation timestamp without time zone NOT NULL,
    res_auteurchangement character varying(50) NOT NULL,
    res_datechangement timestamp without time zone NOT NULL
);


ALTER TABLE public.resultat OWNER TO dev;

--
-- Name: sport_spo_id_seq; Type: SEQUENCE; Schema: public; Owner: dev
--

CREATE SEQUENCE public.sport_spo_id_seq
    START WITH 1
    INCREMENT BY 1
    NO MINVALUE
    NO MAXVALUE
    CACHE 1;


ALTER TABLE public.sport_spo_id_seq OWNER TO dev;

--
-- Name: SEQUENCE sport_spo_id_seq; Type: COMMENT; Schema: public; Owner: dev
--

COMMENT ON SEQUENCE public.sport_spo_id_seq IS 'DbWrench Autogenerated Sequence.';


--
-- Name: sport; Type: TABLE; Schema: public; Owner: dev
--

CREATE TABLE public.sport (
    spo_id integer DEFAULT nextval('public.sport_spo_id_seq'::regclass) NOT NULL,
    spo_nom character varying(50) NOT NULL,
    spo_description character varying(200),
    spo_auteurcreation character varying(50) NOT NULL,
    spo_datecreation timestamp without time zone NOT NULL,
    spo_auteurchangement character varying(50) NOT NULL,
    spo_datechangement timestamp without time zone NOT NULL
);


ALTER TABLE public.sport OWNER TO dev;

--
-- Name: statusabsence_staabs_id_seq; Type: SEQUENCE; Schema: public; Owner: dev
--

CREATE SEQUENCE public.statusabsence_staabs_id_seq
    START WITH 1
    INCREMENT BY 1
    NO MINVALUE
    NO MAXVALUE
    CACHE 1;


ALTER TABLE public.statusabsence_staabs_id_seq OWNER TO dev;

--
-- Name: SEQUENCE statusabsence_staabs_id_seq; Type: COMMENT; Schema: public; Owner: dev
--

COMMENT ON SEQUENCE public.statusabsence_staabs_id_seq IS 'DbWrench Autogenerated Sequence.';


--
-- Name: statusabsence; Type: TABLE; Schema: public; Owner: dev
--

CREATE TABLE public.statusabsence (
    staabs_id integer DEFAULT nextval('public.statusabsence_staabs_id_seq'::regclass) NOT NULL,
    staabs_nom character varying(30) NOT NULL,
    staabs_description character varying(200),
    staabs_auteurcreation character varying(50) NOT NULL,
    staabs_datecreation timestamp without time zone NOT NULL,
    staabs_auteurchangement character varying(50) NOT NULL,
    staabs_datechangement timestamp without time zone NOT NULL
);


ALTER TABLE public.statusabsence OWNER TO dev;

--
-- Name: typecompetition_typcom_id_seq; Type: SEQUENCE; Schema: public; Owner: dev
--

CREATE SEQUENCE public.typecompetition_typcom_id_seq
    START WITH 1
    INCREMENT BY 1
    NO MINVALUE
    NO MAXVALUE
    CACHE 1;


ALTER TABLE public.typecompetition_typcom_id_seq OWNER TO dev;

--
-- Name: SEQUENCE typecompetition_typcom_id_seq; Type: COMMENT; Schema: public; Owner: dev
--

COMMENT ON SEQUENCE public.typecompetition_typcom_id_seq IS 'DbWrench Autogenerated Sequence.';


--
-- Name: typecompetition; Type: TABLE; Schema: public; Owner: dev
--

CREATE TABLE public.typecompetition (
    typcom_id integer DEFAULT nextval('public.typecompetition_typcom_id_seq'::regclass) NOT NULL,
    typcom_nom character varying(50) NOT NULL,
    typcom_description character varying(200),
    typcom_auteurcreation character varying(50) NOT NULL,
    typcom_datecreation timestamp without time zone NOT NULL,
    typcom_auteurchangement character varying(50) NOT NULL,
    typcom_datechangement timestamp without time zone NOT NULL
);


ALTER TABLE public.typecompetition OWNER TO dev;

--
-- Name: typefichier_typfic_id_seq; Type: SEQUENCE; Schema: public; Owner: dev
--

CREATE SEQUENCE public.typefichier_typfic_id_seq
    START WITH 1
    INCREMENT BY 1
    NO MINVALUE
    NO MAXVALUE
    CACHE 1;


ALTER TABLE public.typefichier_typfic_id_seq OWNER TO dev;

--
-- Name: SEQUENCE typefichier_typfic_id_seq; Type: COMMENT; Schema: public; Owner: dev
--

COMMENT ON SEQUENCE public.typefichier_typfic_id_seq IS 'DbWrench Autogenerated Sequence.';


--
-- Name: typefichier; Type: TABLE; Schema: public; Owner: dev
--

CREATE TABLE public.typefichier (
    typfic_id integer DEFAULT nextval('public.typefichier_typfic_id_seq'::regclass) NOT NULL,
    typfic_nom character varying(50) NOT NULL,
    typfic_description character varying(200),
    typfic_auteurcreation character varying(50) NOT NULL,
    typfic_datecreation timestamp without time zone NOT NULL,
    typfic_auteurchangement character varying(50) NOT NULL,
    typfic_datechangement timestamp without time zone NOT NULL
);


ALTER TABLE public.typefichier OWNER TO dev;

--
-- Name: users; Type: TABLE; Schema: public; Owner: dev
--

CREATE TABLE public.users (
    id integer NOT NULL,
    email character varying(255) NOT NULL,
    name character varying(40) NOT NULL,
    role character varying(50) NOT NULL,
    password character varying(64) NOT NULL
);


ALTER TABLE public.users OWNER TO dev;

--
-- Name: users_id_seq; Type: SEQUENCE; Schema: public; Owner: dev
--

CREATE SEQUENCE public.users_id_seq
    START WITH 1
    INCREMENT BY 1
    NO MINVALUE
    NO MAXVALUE
    CACHE 1;


ALTER TABLE public.users_id_seq OWNER TO dev;

--
-- Name: utilisateur_uti_id_seq; Type: SEQUENCE; Schema: public; Owner: dev
--

CREATE SEQUENCE public.utilisateur_uti_id_seq
    START WITH 1
    INCREMENT BY 1
    NO MINVALUE
    NO MAXVALUE
    CACHE 1;


ALTER TABLE public.utilisateur_uti_id_seq OWNER TO dev;

--
-- Name: SEQUENCE utilisateur_uti_id_seq; Type: COMMENT; Schema: public; Owner: dev
--

COMMENT ON SEQUENCE public.utilisateur_uti_id_seq IS 'DbWrench Autogenerated Sequence.';


--
-- Name: utilisateur; Type: TABLE; Schema: public; Owner: dev
--

CREATE TABLE public.utilisateur (
    uti_id integer DEFAULT nextval('public.utilisateur_uti_id_seq'::regclass) NOT NULL,
    uti_nom character varying(30) NOT NULL,
    uti_prenom character varying(30) NOT NULL,
    uti_email character varying(50) NOT NULL,
    uti_fk_idsport integer,
    uti_fk_iddepartement integer,
    uti_fk_idniveaulisteministerielle integer,
    uti_auteurcreation character varying(50) NOT NULL,
    uti_datecreation timestamp without time zone NOT NULL,
    uti_auteurchangement character varying(50) NOT NULL,
    uti_datechangement timestamp without time zone NOT NULL
);


ALTER TABLE public.utilisateur OWNER TO dev;

--
-- Data for Name: absence; Type: TABLE DATA; Schema: public; Owner: dev
--

COPY public.absence (abs_id, abs_fk_idutilisateur, abs_fk_idstatusabsence, abs_fk_idperformance, abs_fk_idmotifabsence, abs_fk_idfichier, abs_datedebut, abs_datefin, abs_lieu, abs_commentaire, abs_auteurcreation, abs_datecreation, abs_auteurchangement, abs_datechangement, abs_nom, abs_rappel) FROM stdin;
2	6	\N	\N	1	\N	2013-01-01 00:00:00	2013-01-01 00:00:00	Paris	Grosse prépa	dev@dev.fr	2018-11-08 18:07:24	dev@dev.fr	2018-11-08 18:07:24	Stage Sportif - Paris	5m
11	6	\N	\N	2	\N	2013-01-01 00:00:00	2013-01-01 00:00:00	test	test	dev@dev.fr	2018-11-08 19:27:50	dev@dev.fr	2018-11-08 19:27:50	Compét - Championnat Europe	\N
12	6	\N	\N	2	\N	2013-01-01 00:00:00	2013-01-01 00:00:00	test2	ahah	dev@dev.fr	2018-11-08 19:31:04	dev@dev.fr	2018-11-08 19:31:04	Compét - Championnat Europe	1j
\.


--
-- Data for Name: categorie; Type: TABLE DATA; Schema: public; Owner: dev
--

COPY public.categorie (cat_id, cat_nom, cat_description, cat_auteurcreation, cat_datecreation, cat_auteurchangement, cat_datechangement) FROM stdin;
1	U18	\N	dev	2018-11-08 17:05:50.145095	dev	2018-11-08 17:05:50.145095
2	U19	\N	dev	2018-11-08 17:05:50.1471	dev	2018-11-08 17:05:50.1471
3	U20	\N	dev	2018-11-08 17:05:50.148255	dev	2018-11-08 17:05:50.148255
4	U21	\N	dev	2018-11-08 17:05:50.149388	dev	2018-11-08 17:05:50.149388
5	U22	\N	dev	2018-11-08 17:05:50.150479	dev	2018-11-08 17:05:50.150479
6	U23	\N	dev	2018-11-08 17:05:50.151508	dev	2018-11-08 17:05:50.151508
7	cadet	\N	dev	2018-11-08 17:05:50.152475	dev	2018-11-08 17:05:50.152475
8	junior	\N	dev	2018-11-08 17:05:50.153425	dev	2018-11-08 17:05:50.153425
9	senior	\N	dev	2018-11-08 17:05:50.154357	dev	2018-11-08 17:05:50.154357
10	benjamin	\N	dev	2018-11-08 17:05:50.155235	dev	2018-11-08 17:05:50.155235
\.


--
-- Data for Name: departement; Type: TABLE DATA; Schema: public; Owner: dev
--

COPY public.departement (dep_id, dep_nom, dep_description, dep_auteurcreation, dep_datecreation, dep_auteurchangement, dep_datechangement) FROM stdin;
1	3GCU	\N	dev	2018-11-08 17:01:47.094714	dev	2018-11-08 17:01:47.094714
2	4GCU	\N	dev	2018-11-08 17:01:47.095968	dev	2018-11-08 17:01:47.095968
3	5GCU	\N	dev	2018-11-08 17:01:47.096824	dev	2018-11-08 17:01:47.096824
4	3GE	\N	dev	2018-11-08 17:01:47.097606	dev	2018-11-08 17:01:47.097606
5	4GE	\N	dev	2018-11-08 17:01:47.098447	dev	2018-11-08 17:01:47.098447
6	5GE	\N	dev	2018-11-08 17:01:47.099286	dev	2018-11-08 17:01:47.099286
7	3GEE	\N	dev	2018-11-08 17:01:47.100067	dev	2018-11-08 17:01:47.100067
8	4GEE	\N	dev	2018-11-08 17:01:47.100886	dev	2018-11-08 17:01:47.100886
9	5GEE	\N	dev	2018-11-08 17:01:47.101742	dev	2018-11-08 17:01:47.101742
10	3TC	\N	dev	2018-11-08 17:01:47.102557	dev	2018-11-08 17:01:47.102557
11	4TC	\N	dev	2018-11-08 17:01:47.103487	dev	2018-11-08 17:01:47.103487
12	5TC	\N	dev	2018-11-08 17:01:47.104387	dev	2018-11-08 17:01:47.104387
\.


--
-- Data for Name: echellecompetition; Type: TABLE DATA; Schema: public; Owner: dev
--

COPY public.echellecompetition (echcom_id, echcom_nom, echcom_description, echcom_auteurcreation, echcom_datecreation, echcom_auteurchangement, echcom_datechangement, echcom_type) FROM stdin;
1	Monde	\N	dev	2018-11-08 17:05:35.09252	dev	2018-11-08 17:05:35.09252	Monde
2	Continental	\N	dev	2018-11-08 17:05:35.095316	dev	2018-11-08 17:05:35.095316	Continent
3	National	\N	dev	2018-11-08 17:05:35.096919	dev	2018-11-08 17:05:35.096919	Pays
\.


--
-- Data for Name: epreuve; Type: TABLE DATA; Schema: public; Owner: dev
--

COPY public.epreuve (epr_id, epr_nom, epr_description, epr_auteurcreation, epr_datecreation, epr_auteurchangement, epr_datechangement) FROM stdin;
1	3000m	\N	dev	2018-11-08 17:05:43.694081	dev	2018-11-08 17:05:43.694081
2	3500m	\N	dev	2018-11-08 17:05:43.696539	dev	2018-11-08 17:05:43.696539
3	10 km	\N	dev	2018-11-08 17:05:43.697699	dev	2018-11-08 17:05:43.697699
4	24 km	\N	dev	2018-11-08 17:05:43.699217	dev	2018-11-08 17:05:43.699217
5	5km	\N	dev	2018-11-08 17:05:43.700554	dev	2018-11-08 17:05:43.700554
6	Marathon	\N	dev	2018-11-08 17:05:43.701815	dev	2018-11-08 17:05:43.701815
7	Semi-marathon	\N	dev	2018-11-08 17:05:43.703061	dev	2018-11-08 17:05:43.703061
8	longue distance	\N	dev	2018-11-08 17:05:43.704892	dev	2018-11-08 17:05:43.704892
9	Heptathlon	\N	dev	2018-11-08 17:05:43.705956	dev	2018-11-08 17:05:43.705956
10	saut 	\N	dev	2018-11-08 17:05:43.706962	dev	2018-11-08 17:05:43.706962
11	lancé	\N	dev	2018-11-08 17:05:43.707866	dev	2018-11-08 17:05:43.707866
12	3500m eau libre	\N	dev	2018-11-08 17:05:43.708873	dev	2018-11-08 17:05:43.708873
13	eau libre	\N	dev	2018-11-08 17:05:43.709786	dev	2018-11-08 17:05:43.709786
14	50m	\N	dev	2018-11-08 17:05:43.710608	dev	2018-11-08 17:05:43.710608
15	100m	\N	dev	2018-11-08 17:05:43.711489	dev	2018-11-08 17:05:43.711489
16	dos	\N	dev	2018-11-08 17:05:43.712502	dev	2018-11-08 17:05:43.712502
17	papillon	\N	dev	2018-11-08 17:05:43.713399	dev	2018-11-08 17:05:43.713399
18	nage libre	\N	dev	2018-11-08 17:05:43.714332	dev	2018-11-08 17:05:43.714332
\.


--
-- Data for Name: fichier; Type: TABLE DATA; Schema: public; Owner: dev
--

COPY public.fichier (fic_id, fic_fk_idutilisateur, fic_fk_idtypefichier, fic_chemin, fic_auteurcreation, fic_datecreation, fic_auteurchangement, fic_datechangement) FROM stdin;
\.


--
-- Data for Name: jointuresport; Type: TABLE DATA; Schema: public; Owner: dev
--

COPY public.jointuresport (joispo_id, joispo_fk_idsport, joispo_fk_idepreuve, joispo_fk_idcategorie, joispo_auteurcreation, joispo_datecreation, joispo_auteurchangement, joispo_datechangement) FROM stdin;
1	1	1	1	dev	2018-11-08 18:43:07.002763	dev	2018-11-08 18:43:07.002763
2	2	1	1	dev	2018-11-08 19:15:34.699213	dev	2018-11-08 19:15:34.699213
3	2	9	7	dev@dev.fr	2018-11-08 19:31:04	dev@dev.fr	2018-11-08 19:31:04
\.


--
-- Data for Name: localisationcompetition; Type: TABLE DATA; Schema: public; Owner: dev
--

COPY public.localisationcompetition (loccom_id, loccom_nom, loccom_auteurcreation, loccom_datecreation, loccom_auteurchangement, loccom_datechangement, loccom_type) FROM stdin;
1	Europe	dev	2018-11-08 17:05:35.09878	dev	2018-11-08 17:05:35.09878	Continent
2	France	dev	2018-11-08 17:05:35.100414	dev	2018-11-08 17:05:35.100414	Pays
3	Afrique	dev	2018-11-08 17:05:35.101843	dev	2018-11-08 17:05:35.101843	Continent
4	Asie	dev	2018-11-08 17:05:35.103232	dev	2018-11-08 17:05:35.103232	Continent
\.


--
-- Data for Name: motifabsence; Type: TABLE DATA; Schema: public; Owner: dev
--

COPY public.motifabsence (motabs_id, motabs_nom, motabs_description, motabs_auteurcreation, motabs_datecreation, motabs_auteurchangement, motabs_datechangement) FROM stdin;
1	Stage Sportif	\N	dev	2018-11-08 17:00:55.847442	dev	2018-11-08 17:00:55.847442
2	Compétition	\N	dev	2018-11-08 17:00:55.848529	dev	2018-11-08 17:00:55.848529
\.


--
-- Data for Name: niveaulisteministerielle; Type: TABLE DATA; Schema: public; Owner: dev
--

COPY public.niveaulisteministerielle (nivlismin_id, nivlismin_nom, nivlismin_description, nivlismin_auteurcreation, nivlismin_datecreation, nivlismin_auteurchangement, nivlismin_datechangement) FROM stdin;
1	Elite	\N	dev	2018-11-08 17:00:42.014272	dev	2018-11-08 17:00:42.014272
2	Sénior	\N	dev	2018-11-08 17:00:42.017409	dev	2018-11-08 17:00:42.017409
3	Relève	\N	dev	2018-11-08 17:00:42.018756	dev	2018-11-08 17:00:42.018756
4	Espoir	\N	dev	2018-11-08 17:00:43.856306	dev	2018-11-08 17:00:43.856306
\.


--
-- Data for Name: performance; Type: TABLE DATA; Schema: public; Owner: dev
--

COPY public.performance (per_id, per_fk_idutilisateur, per_fk_idjointuresport, per_fk_idtypecompetition, per_fk_idechellecompetition, per_fk_idlocalisationcompetition, per_fk_idresultat, per_datedebut, per_datefin, per_lieu, per_importance, per_ressenti, per_auteurcreation, per_datecreation, per_auteurchangement, per_datechangement) FROM stdin;
9	6	2	7	1	1	\N	2013-01-01 00:00:00	2013-01-01 00:00:00	test	f	\N	dev@dev.fr	2018-11-08 19:27:50	dev@dev.fr	2018-11-08 19:27:50
10	6	3	7	2	1	\N	2013-01-01 00:00:00	2013-01-01 00:00:00	test2	t	\N	dev@dev.fr	2018-11-08 19:31:04	dev@dev.fr	2018-11-08 19:31:04
\.


--
-- Data for Name: resultat; Type: TABLE DATA; Schema: public; Owner: dev
--

COPY public.resultat (res_id, res_nom, res_description, res_auteurcreation, res_datecreation, res_auteurchangement, res_datechangement) FROM stdin;
1	TOP 1	\N	dev	2018-11-08 17:00:55.838538	dev	2018-11-08 17:00:55.838538
2	TOP 2	\N	dev	2018-11-08 17:00:55.840735	dev	2018-11-08 17:00:55.840735
3	TOP 3	\N	dev	2018-11-08 17:00:55.84189	dev	2018-11-08 17:00:55.84189
4	TOP 5	\N	dev	2018-11-08 17:00:55.843187	dev	2018-11-08 17:00:55.843187
5	TOP 10	\N	dev	2018-11-08 17:00:55.844323	dev	2018-11-08 17:00:55.844323
6	Première moitié	\N	dev	2018-11-08 17:00:55.845326	dev	2018-11-08 17:00:55.845326
7	Seconde moitié	\N	dev	2018-11-08 17:00:55.846364	dev	2018-11-08 17:00:55.846364
\.


--
-- Data for Name: sport; Type: TABLE DATA; Schema: public; Owner: dev
--

COPY public.sport (spo_id, spo_nom, spo_description, spo_auteurcreation, spo_datecreation, spo_auteurchangement, spo_datechangement) FROM stdin;
1	ATHLETISME	\N	dev	2018-11-08 17:06:42.37146	dev	2018-11-08 17:06:42.37146
2	AUTOMOBILE	\N	dev	2018-11-08 17:06:42.375333	dev	2018-11-08 17:06:42.375333
3	AVIRON	\N	dev	2018-11-08 17:06:42.376914	dev	2018-11-08 17:06:42.376914
4	AVIRON DE MER	\N	dev	2018-11-08 17:06:42.378367	dev	2018-11-08 17:06:42.378367
5	BADMINTON	\N	dev	2018-11-08 17:06:42.379711	dev	2018-11-08 17:06:42.379711
6	BASEBALL	\N	dev	2018-11-08 17:06:42.381038	dev	2018-11-08 17:06:42.381038
7	BASKET BALL	\N	dev	2018-11-08 17:06:42.38224	dev	2018-11-08 17:06:42.38224
8	BIATHLON	\N	dev	2018-11-08 17:06:42.383405	dev	2018-11-08 17:06:42.383405
9	CANOE KAYAK	\N	dev	2018-11-08 17:06:42.38447	dev	2018-11-08 17:06:42.38447
10	COURSE D''ORIENTATION	\N	dev	2018-11-08 17:06:42.385734	dev	2018-11-08 17:06:42.385734
11	COURSE D''ORIENTATION VTT	\N	dev	2018-11-08 17:06:42.38687	dev	2018-11-08 17:06:42.38687
12	CYCLISME	\N	dev	2018-11-08 17:06:42.387987	dev	2018-11-08 17:06:42.387987
13	DANSE	\N	dev	2018-11-08 17:06:42.388916	dev	2018-11-08 17:06:42.388916
14	ESCALADE	\N	dev	2018-11-08 17:06:42.389784	dev	2018-11-08 17:06:42.389784
15	ESCRIME	\N	dev	2018-11-08 17:06:42.390668	dev	2018-11-08 17:06:42.390668
16	FOOTBALL	\N	dev	2018-11-08 17:06:42.391516	dev	2018-11-08 17:06:42.391516
17	FORCE ATHLETIQUE	\N	dev	2018-11-08 17:06:42.39258	dev	2018-11-08 17:06:42.39258
18	GYMNASTIQUE	\N	dev	2018-11-08 17:06:42.393441	dev	2018-11-08 17:06:42.393441
19	HANDBALL	\N	dev	2018-11-08 17:06:42.394276	dev	2018-11-08 17:06:42.394276
20	ESCRIME HANDISPORT	\N	dev	2018-11-08 17:06:42.395168	dev	2018-11-08 17:06:42.395168
21	HOCKEY SUR GAZON	\N	dev	2018-11-08 17:06:42.396036	dev	2018-11-08 17:06:42.396036
22	HOCKEY SUR GLACE	\N	dev	2018-11-08 17:06:42.396875	dev	2018-11-08 17:06:42.396875
23	JUDO	\N	dev	2018-11-08 17:06:42.397676	dev	2018-11-08 17:06:42.397676
24	KARATE	\N	dev	2018-11-08 17:06:42.398503	dev	2018-11-08 17:06:42.398503
25	MOTOCYCLISME	\N	dev	2018-11-08 17:06:42.399377	dev	2018-11-08 17:06:42.399377
26	NATATION	\N	dev	2018-11-08 17:06:42.400205	dev	2018-11-08 17:06:42.400205
27	NATATION SYNCHRONISEE	\N	dev	2018-11-08 17:06:42.401097	dev	2018-11-08 17:06:42.401097
28	PARAPENTE	\N	dev	2018-11-08 17:06:42.401936	dev	2018-11-08 17:06:42.401936
29	PENTATHLON MODERNE	\N	dev	2018-11-08 17:06:42.402805	dev	2018-11-08 17:06:42.402805
30	RAID TRAIL	\N	dev	2018-11-08 17:06:42.40375	dev	2018-11-08 17:06:42.40375
31	ROLLER	\N	dev	2018-11-08 17:06:42.404636	dev	2018-11-08 17:06:42.404636
32	RUGBY	\N	dev	2018-11-08 17:06:42.405481	dev	2018-11-08 17:06:42.405481
33	SAVATE BOXE FRANCAISE	\N	dev	2018-11-08 17:06:42.406379	dev	2018-11-08 17:06:42.406379
34	SKI	\N	dev	2018-11-08 17:06:42.407367	dev	2018-11-08 17:06:42.407367
35	SKI NAUTIQUE	\N	dev	2018-11-08 17:06:42.40841	dev	2018-11-08 17:06:42.40841
36	SNOW BOARD	\N	dev	2018-11-08 17:06:42.409363	dev	2018-11-08 17:06:42.409363
37	SPORTS GLACE	\N	dev	2018-11-08 17:06:42.410353	dev	2018-11-08 17:06:42.410353
38	SQUASH	\N	dev	2018-11-08 17:06:42.411205	dev	2018-11-08 17:06:42.411205
39	SURF	\N	dev	2018-11-08 17:06:42.411981	dev	2018-11-08 17:06:42.411981
40	TAEKWONDO	\N	dev	2018-11-08 17:06:42.412699	dev	2018-11-08 17:06:42.412699
41	TENNIS	\N	dev	2018-11-08 17:06:42.413421	dev	2018-11-08 17:06:42.413421
42	TENNIS DE TABLE	\N	dev	2018-11-08 17:06:42.414154	dev	2018-11-08 17:06:42.414154
43	TIR	\N	dev	2018-11-08 17:06:42.414899	dev	2018-11-08 17:06:42.414899
44	TIR A L''ARC	\N	dev	2018-11-08 17:06:42.415625	dev	2018-11-08 17:06:42.415625
45	TRIATHLON	\N	dev	2018-11-08 17:06:42.416336	dev	2018-11-08 17:06:42.416336
46	VOILE	\N	dev	2018-11-08 17:06:42.41702	dev	2018-11-08 17:06:42.41702
47	VOL LIBRE	\N	dev	2018-11-08 17:06:42.417723	dev	2018-11-08 17:06:42.417723
48	VOLLEY BALL	\N	dev	2018-11-08 17:06:42.418449	dev	2018-11-08 17:06:42.418449
49	VTT ENDURO	\N	dev	2018-11-08 17:06:42.419192	dev	2018-11-08 17:06:42.419192
50	WAKEBOARD	\N	dev	2018-11-08 17:06:42.419925	dev	2018-11-08 17:06:42.419925
51	WATER-POLO	\N	dev	2018-11-08 17:06:42.42066	dev	2018-11-08 17:06:42.42066
52	LONGBOARD	\N	dev	2018-11-08 17:06:42.421388	dev	2018-11-08 17:06:42.421388
53	KITE SURF	\N	dev	2018-11-08 17:06:42.422113	dev	2018-11-08 17:06:42.422113
54	COURSE EN MONTAGNE	\N	dev	2018-11-08 17:06:42.422847	dev	2018-11-08 17:06:42.422847
55	RUN&BIKE	\N	dev	2018-11-08 17:06:42.423539	dev	2018-11-08 17:06:42.423539
56	SAUVETAGE SPORTIF	\N	dev	2018-11-08 17:06:42.424475	dev	2018-11-08 17:06:42.424475
57	BODY SURF	\N	dev	2018-11-08 17:06:42.425151	dev	2018-11-08 17:06:42.425151
58	SAMBO	\N	dev	2018-11-08 17:06:42.425801	dev	2018-11-08 17:06:42.425801
59	COMBINE PENTATHLON	\N	dev	2018-11-08 17:06:42.426486	dev	2018-11-08 17:06:42.426486
60	DANSE SUR GLACE	\N	dev	2018-11-08 17:06:42.427212	dev	2018-11-08 17:06:42.427212
61	PATINAGE ARTISTIQUE	\N	dev	2018-11-08 17:06:42.427929	dev	2018-11-08 17:06:42.427929
62	PATINAGE DE VITESSE	\N	dev	2018-11-08 17:06:42.428652	dev	2018-11-08 17:06:42.428652
\.


--
-- Data for Name: statusabsence; Type: TABLE DATA; Schema: public; Owner: dev
--

COPY public.statusabsence (staabs_id, staabs_nom, staabs_description, staabs_auteurcreation, staabs_datecreation, staabs_auteurchangement, staabs_datechangement) FROM stdin;
1	En attente	\N	dev	2018-11-08 17:00:55.849444	dev	2018-11-08 17:00:55.849444
2	Pré-validée	\N	dev	2018-11-08 17:00:55.850432	dev	2018-11-08 17:00:55.850432
3	Validée	\N	dev	2018-11-08 17:00:55.851294	dev	2018-11-08 17:00:55.851294
\.


--
-- Data for Name: typecompetition; Type: TABLE DATA; Schema: public; Owner: dev
--

COPY public.typecompetition (typcom_id, typcom_nom, typcom_description, typcom_auteurcreation, typcom_datecreation, typcom_auteurchangement, typcom_datechangement) FROM stdin;
7	Championnat	\N	dev	2018-11-08 17:02:45.819291	dev	2018-11-08 17:02:45.819291
8	Coupe	\N	dev	2018-11-08 17:02:45.821028	dev	2018-11-08 17:02:45.821028
9	Jeux	\N	dev	2018-11-08 17:02:45.822338	dev	2018-11-08 17:02:45.822338
\.


--
-- Data for Name: typefichier; Type: TABLE DATA; Schema: public; Owner: dev
--

COPY public.typefichier (typfic_id, typfic_nom, typfic_description, typfic_auteurcreation, typfic_datecreation, typfic_auteurchangement, typfic_datechangement) FROM stdin;
1	Convocation	\N	dev	2018-11-08 17:01:59.440533	dev	2018-11-08 17:01:59.440533
2	Autre	\N	dev	2018-11-08 17:01:59.44157	dev	2018-11-08 17:01:59.44157
\.


--
-- Data for Name: users; Type: TABLE DATA; Schema: public; Owner: dev
--

COPY public.users (id, email, name, role, password) FROM stdin;
1	dev@dev.fr	dev	ROLE_Users	$2y$13$eR7pKb2B7Pg9stE5lg2mMeFklN85d6mGg/UX4/NuHgX/zBNXQAlCq
\.


--
-- Data for Name: utilisateur; Type: TABLE DATA; Schema: public; Owner: dev
--

COPY public.utilisateur (uti_id, uti_nom, uti_prenom, uti_email, uti_fk_idsport, uti_fk_iddepartement, uti_fk_idniveaulisteministerielle, uti_auteurcreation, uti_datecreation, uti_auteurchangement, uti_datechangement) FROM stdin;
6	dev	thom	dev@dev.fr	2	1	1	dev	2018-11-08 17:59:41.468485	dev	2018-11-08 17:59:41.468485
\.


--
-- Name: absence_abs_id_seq; Type: SEQUENCE SET; Schema: public; Owner: dev
--

SELECT pg_catalog.setval('public.absence_abs_id_seq', 12, true);


--
-- Name: categorie_cat_id_seq; Type: SEQUENCE SET; Schema: public; Owner: dev
--

SELECT pg_catalog.setval('public.categorie_cat_id_seq', 10, true);


--
-- Name: departement_dep_id_seq; Type: SEQUENCE SET; Schema: public; Owner: dev
--

SELECT pg_catalog.setval('public.departement_dep_id_seq', 12, true);


--
-- Name: echellecompetition_echcom_id_seq; Type: SEQUENCE SET; Schema: public; Owner: dev
--

SELECT pg_catalog.setval('public.echellecompetition_echcom_id_seq', 3, true);


--
-- Name: epreuve_epr_id_seq; Type: SEQUENCE SET; Schema: public; Owner: dev
--

SELECT pg_catalog.setval('public.epreuve_epr_id_seq', 18, true);


--
-- Name: fichier_fic_id_seq; Type: SEQUENCE SET; Schema: public; Owner: dev
--

SELECT pg_catalog.setval('public.fichier_fic_id_seq', 1, false);


--
-- Name: jointuresport_joispo_id_seq; Type: SEQUENCE SET; Schema: public; Owner: dev
--

SELECT pg_catalog.setval('public.jointuresport_joispo_id_seq', 3, true);


--
-- Name: localisationcompetition_loccom_id_seq; Type: SEQUENCE SET; Schema: public; Owner: dev
--

SELECT pg_catalog.setval('public.localisationcompetition_loccom_id_seq', 4, true);


--
-- Name: motifabsence_motabs_id_seq; Type: SEQUENCE SET; Schema: public; Owner: dev
--

SELECT pg_catalog.setval('public.motifabsence_motabs_id_seq', 2, true);


--
-- Name: niveaulisteministerielle_nivlismin_id_seq; Type: SEQUENCE SET; Schema: public; Owner: dev
--

SELECT pg_catalog.setval('public.niveaulisteministerielle_nivlismin_id_seq', 4, true);


--
-- Name: performance_per_id_seq; Type: SEQUENCE SET; Schema: public; Owner: dev
--

SELECT pg_catalog.setval('public.performance_per_id_seq', 10, true);


--
-- Name: resultat_res_id_seq; Type: SEQUENCE SET; Schema: public; Owner: dev
--

SELECT pg_catalog.setval('public.resultat_res_id_seq', 7, true);


--
-- Name: sport_spo_id_seq; Type: SEQUENCE SET; Schema: public; Owner: dev
--

SELECT pg_catalog.setval('public.sport_spo_id_seq', 62, true);


--
-- Name: statusabsence_staabs_id_seq; Type: SEQUENCE SET; Schema: public; Owner: dev
--

SELECT pg_catalog.setval('public.statusabsence_staabs_id_seq', 3, true);


--
-- Name: typecompetition_typcom_id_seq; Type: SEQUENCE SET; Schema: public; Owner: dev
--

SELECT pg_catalog.setval('public.typecompetition_typcom_id_seq', 9, true);


--
-- Name: typefichier_typfic_id_seq; Type: SEQUENCE SET; Schema: public; Owner: dev
--

SELECT pg_catalog.setval('public.typefichier_typfic_id_seq', 2, true);


--
-- Name: users_id_seq; Type: SEQUENCE SET; Schema: public; Owner: dev
--

SELECT pg_catalog.setval('public.users_id_seq', 1, true);


--
-- Name: utilisateur_uti_id_seq; Type: SEQUENCE SET; Schema: public; Owner: dev
--

SELECT pg_catalog.setval('public.utilisateur_uti_id_seq', 7, true);


--
-- Name: absence pkabsence; Type: CONSTRAINT; Schema: public; Owner: dev
--

ALTER TABLE ONLY public.absence
    ADD CONSTRAINT pkabsence PRIMARY KEY (abs_id);


--
-- Name: categorie pkcategorie; Type: CONSTRAINT; Schema: public; Owner: dev
--

ALTER TABLE ONLY public.categorie
    ADD CONSTRAINT pkcategorie PRIMARY KEY (cat_id);


--
-- Name: departement pkdepartement; Type: CONSTRAINT; Schema: public; Owner: dev
--

ALTER TABLE ONLY public.departement
    ADD CONSTRAINT pkdepartement PRIMARY KEY (dep_id);


--
-- Name: echellecompetition pkechellecompetition; Type: CONSTRAINT; Schema: public; Owner: dev
--

ALTER TABLE ONLY public.echellecompetition
    ADD CONSTRAINT pkechellecompetition PRIMARY KEY (echcom_id);


--
-- Name: epreuve pkepreuve; Type: CONSTRAINT; Schema: public; Owner: dev
--

ALTER TABLE ONLY public.epreuve
    ADD CONSTRAINT pkepreuve PRIMARY KEY (epr_id);


--
-- Name: fichier pkfichier; Type: CONSTRAINT; Schema: public; Owner: dev
--

ALTER TABLE ONLY public.fichier
    ADD CONSTRAINT pkfichier PRIMARY KEY (fic_id);


--
-- Name: jointuresport pkjointuresport; Type: CONSTRAINT; Schema: public; Owner: dev
--

ALTER TABLE ONLY public.jointuresport
    ADD CONSTRAINT pkjointuresport PRIMARY KEY (joispo_id);


--
-- Name: localisationcompetition pklocalisationcompetition; Type: CONSTRAINT; Schema: public; Owner: dev
--

ALTER TABLE ONLY public.localisationcompetition
    ADD CONSTRAINT pklocalisationcompetition PRIMARY KEY (loccom_id);


--
-- Name: motifabsence pkmotifabsence; Type: CONSTRAINT; Schema: public; Owner: dev
--

ALTER TABLE ONLY public.motifabsence
    ADD CONSTRAINT pkmotifabsence PRIMARY KEY (motabs_id);


--
-- Name: niveaulisteministerielle pkniveaulisteministerielle; Type: CONSTRAINT; Schema: public; Owner: dev
--

ALTER TABLE ONLY public.niveaulisteministerielle
    ADD CONSTRAINT pkniveaulisteministerielle PRIMARY KEY (nivlismin_id);


--
-- Name: performance pkperformance; Type: CONSTRAINT; Schema: public; Owner: dev
--

ALTER TABLE ONLY public.performance
    ADD CONSTRAINT pkperformance PRIMARY KEY (per_id);


--
-- Name: resultat pkresultat; Type: CONSTRAINT; Schema: public; Owner: dev
--

ALTER TABLE ONLY public.resultat
    ADD CONSTRAINT pkresultat PRIMARY KEY (res_id);


--
-- Name: sport pksport; Type: CONSTRAINT; Schema: public; Owner: dev
--

ALTER TABLE ONLY public.sport
    ADD CONSTRAINT pksport PRIMARY KEY (spo_id);


--
-- Name: statusabsence pkstatusabsence; Type: CONSTRAINT; Schema: public; Owner: dev
--

ALTER TABLE ONLY public.statusabsence
    ADD CONSTRAINT pkstatusabsence PRIMARY KEY (staabs_id);


--
-- Name: typecompetition pktypecompetition; Type: CONSTRAINT; Schema: public; Owner: dev
--

ALTER TABLE ONLY public.typecompetition
    ADD CONSTRAINT pktypecompetition PRIMARY KEY (typcom_id);


--
-- Name: typefichier pktypefichier; Type: CONSTRAINT; Schema: public; Owner: dev
--

ALTER TABLE ONLY public.typefichier
    ADD CONSTRAINT pktypefichier PRIMARY KEY (typfic_id);


--
-- Name: utilisateur pkutilisateur; Type: CONSTRAINT; Schema: public; Owner: dev
--

ALTER TABLE ONLY public.utilisateur
    ADD CONSTRAINT pkutilisateur PRIMARY KEY (uti_id);


--
-- Name: users users_pkey; Type: CONSTRAINT; Schema: public; Owner: dev
--

ALTER TABLE ONLY public.users
    ADD CONSTRAINT users_pkey PRIMARY KEY (id);


--
-- Name: utilisateur utilisateur_uti_email_key; Type: CONSTRAINT; Schema: public; Owner: dev
--

ALTER TABLE ONLY public.utilisateur
    ADD CONSTRAINT utilisateur_uti_email_key UNIQUE (uti_email);


--
-- Name: uniq_1483a5e9e7927c74; Type: INDEX; Schema: public; Owner: dev
--

CREATE UNIQUE INDEX uniq_1483a5e9e7927c74 ON public.users USING btree (email);


--
-- Name: absence fk_absence_fichier; Type: FK CONSTRAINT; Schema: public; Owner: dev
--

ALTER TABLE ONLY public.absence
    ADD CONSTRAINT fk_absence_fichier FOREIGN KEY (abs_fk_idfichier) REFERENCES public.fichier(fic_id);


--
-- Name: absence fk_absence_motifabsence; Type: FK CONSTRAINT; Schema: public; Owner: dev
--

ALTER TABLE ONLY public.absence
    ADD CONSTRAINT fk_absence_motifabsence FOREIGN KEY (abs_fk_idmotifabsence) REFERENCES public.motifabsence(motabs_id);


--
-- Name: absence fk_absence_performance; Type: FK CONSTRAINT; Schema: public; Owner: dev
--

ALTER TABLE ONLY public.absence
    ADD CONSTRAINT fk_absence_performance FOREIGN KEY (abs_fk_idperformance) REFERENCES public.performance(per_id);


--
-- Name: absence fk_absence_statusabsence; Type: FK CONSTRAINT; Schema: public; Owner: dev
--

ALTER TABLE ONLY public.absence
    ADD CONSTRAINT fk_absence_statusabsence FOREIGN KEY (abs_fk_idstatusabsence) REFERENCES public.statusabsence(staabs_id);


--
-- Name: absence fk_absence_utilisateur; Type: FK CONSTRAINT; Schema: public; Owner: dev
--

ALTER TABLE ONLY public.absence
    ADD CONSTRAINT fk_absence_utilisateur FOREIGN KEY (abs_fk_idutilisateur) REFERENCES public.utilisateur(uti_id);


--
-- Name: fichier fk_fichier_typefichier; Type: FK CONSTRAINT; Schema: public; Owner: dev
--

ALTER TABLE ONLY public.fichier
    ADD CONSTRAINT fk_fichier_typefichier FOREIGN KEY (fic_fk_idtypefichier) REFERENCES public.typefichier(typfic_id);


--
-- Name: fichier fk_fichier_utilisateur; Type: FK CONSTRAINT; Schema: public; Owner: dev
--

ALTER TABLE ONLY public.fichier
    ADD CONSTRAINT fk_fichier_utilisateur FOREIGN KEY (fic_fk_idutilisateur) REFERENCES public.utilisateur(uti_id);


--
-- Name: jointuresport fk_jointuresport_categorie; Type: FK CONSTRAINT; Schema: public; Owner: dev
--

ALTER TABLE ONLY public.jointuresport
    ADD CONSTRAINT fk_jointuresport_categorie FOREIGN KEY (joispo_fk_idcategorie) REFERENCES public.categorie(cat_id);


--
-- Name: jointuresport fk_jointuresport_epreuve; Type: FK CONSTRAINT; Schema: public; Owner: dev
--

ALTER TABLE ONLY public.jointuresport
    ADD CONSTRAINT fk_jointuresport_epreuve FOREIGN KEY (joispo_fk_idepreuve) REFERENCES public.epreuve(epr_id);


--
-- Name: jointuresport fk_jointuresport_sport; Type: FK CONSTRAINT; Schema: public; Owner: dev
--

ALTER TABLE ONLY public.jointuresport
    ADD CONSTRAINT fk_jointuresport_sport FOREIGN KEY (joispo_fk_idsport) REFERENCES public.sport(spo_id);


--
-- Name: performance fk_performance_echellecompetition; Type: FK CONSTRAINT; Schema: public; Owner: dev
--

ALTER TABLE ONLY public.performance
    ADD CONSTRAINT fk_performance_echellecompetition FOREIGN KEY (per_fk_idechellecompetition) REFERENCES public.echellecompetition(echcom_id);


--
-- Name: performance fk_performance_jointuresport; Type: FK CONSTRAINT; Schema: public; Owner: dev
--

ALTER TABLE ONLY public.performance
    ADD CONSTRAINT fk_performance_jointuresport FOREIGN KEY (per_fk_idjointuresport) REFERENCES public.jointuresport(joispo_id);


--
-- Name: performance fk_performance_localisationcompetition; Type: FK CONSTRAINT; Schema: public; Owner: dev
--

ALTER TABLE ONLY public.performance
    ADD CONSTRAINT fk_performance_localisationcompetition FOREIGN KEY (per_fk_idlocalisationcompetition) REFERENCES public.localisationcompetition(loccom_id);


--
-- Name: performance fk_performance_resultat; Type: FK CONSTRAINT; Schema: public; Owner: dev
--

ALTER TABLE ONLY public.performance
    ADD CONSTRAINT fk_performance_resultat FOREIGN KEY (per_fk_idresultat) REFERENCES public.resultat(res_id);


--
-- Name: performance fk_performance_typecompetition; Type: FK CONSTRAINT; Schema: public; Owner: dev
--

ALTER TABLE ONLY public.performance
    ADD CONSTRAINT fk_performance_typecompetition FOREIGN KEY (per_fk_idtypecompetition) REFERENCES public.typecompetition(typcom_id);


--
-- Name: performance fk_performance_utilisateur; Type: FK CONSTRAINT; Schema: public; Owner: dev
--

ALTER TABLE ONLY public.performance
    ADD CONSTRAINT fk_performance_utilisateur FOREIGN KEY (per_fk_idutilisateur) REFERENCES public.utilisateur(uti_id);


--
-- Name: utilisateur fk_utilisateur_departement; Type: FK CONSTRAINT; Schema: public; Owner: dev
--

ALTER TABLE ONLY public.utilisateur
    ADD CONSTRAINT fk_utilisateur_departement FOREIGN KEY (uti_fk_iddepartement) REFERENCES public.departement(dep_id);


--
-- Name: utilisateur fk_utilisateur_niveaulisteministerielle; Type: FK CONSTRAINT; Schema: public; Owner: dev
--

ALTER TABLE ONLY public.utilisateur
    ADD CONSTRAINT fk_utilisateur_niveaulisteministerielle FOREIGN KEY (uti_fk_idniveaulisteministerielle) REFERENCES public.niveaulisteministerielle(nivlismin_id);


--
-- Name: utilisateur fk_utilisateur_sport; Type: FK CONSTRAINT; Schema: public; Owner: dev
--

ALTER TABLE ONLY public.utilisateur
    ADD CONSTRAINT fk_utilisateur_sport FOREIGN KEY (uti_fk_idsport) REFERENCES public.sport(spo_id);


--
-- PostgreSQL database dump complete
--

